{"cameraMode":{"drawMode":0,"name":"Shaded","section":"Shading Mode"},"sceneLighting":false,"audioPlay":false,"sceneViewState":{"m_AlwaysRefresh":false,"showFog":true,"showSkybox":false,"showFlares":true,"showImageEffects":true,"showParticleSystems":true,"showVisualEffectGraphs":true,"m_FxEnabled":true},"in2DMode":false,"pivot":{"x":0.24915850162506104,"y":-3.0419514179229738,"z":1.025144338607788},"rotation":{"x":0.38529619574546816,"y":-0.13218097388744355,"z":0.055869411677122119,"w":0.911569356918335},"size":4.806141376495361,"orthographic":false}