{
    "name": "root",
    "gauges": {
        "DungeonMaster.Policy.Entropy.mean": {
            "value": 8.53820514678955,
            "min": 8.404694557189941,
            "max": 8.748261451721191,
            "count": 250
        },
        "DungeonMaster.Policy.Entropy.sum": {
            "value": 170764.09375,
            "min": 168093.890625,
            "max": 174965.234375,
            "count": 250
        },
        "DungeonMaster.Environment.EpisodeLength.mean": {
            "value": 99.0,
            "min": 99.0,
            "max": 99.0,
            "count": 250
        },
        "DungeonMaster.Environment.EpisodeLength.sum": {
            "value": 19800.0,
            "min": 19800.0,
            "max": 19800.0,
            "count": 250
        },
        "DungeonMaster.Step.mean": {
            "value": 2499900.0,
            "min": 9900.0,
            "max": 2499900.0,
            "count": 250
        },
        "DungeonMaster.Step.sum": {
            "value": 2499900.0,
            "min": 9900.0,
            "max": 2499900.0,
            "count": 250
        },
        "DungeonMaster.Policy.ExtrinsicValueEstimate.mean": {
            "value": -5.562358379364014,
            "min": -6.527871131896973,
            "max": 0.04127652198076248,
            "count": 250
        },
        "DungeonMaster.Policy.ExtrinsicValueEstimate.sum": {
            "value": -556.23583984375,
            "min": -652.787109375,
            "max": 4.086375713348389,
            "count": 250
        },
        "DungeonMaster.Environment.CumulativeReward.mean": {
            "value": -4.820499770641327,
            "min": -8.535499918460847,
            "max": -3.745999618768692,
            "count": 250
        },
        "DungeonMaster.Environment.CumulativeReward.sum": {
            "value": -482.0499770641327,
            "min": -853.5499918460846,
            "max": -374.5999618768692,
            "count": 250
        },
        "DungeonMaster.Policy.ExtrinsicReward.mean": {
            "value": -4.820499770641327,
            "min": -8.535499918460847,
            "max": -3.745999618768692,
            "count": 250
        },
        "DungeonMaster.Policy.ExtrinsicReward.sum": {
            "value": -482.0499770641327,
            "min": -853.5499918460846,
            "max": -374.5999618768692,
            "count": 250
        },
        "DungeonMaster.IsTraining.mean": {
            "value": 1.0,
            "min": 1.0,
            "max": 1.0,
            "count": 250
        },
        "DungeonMaster.IsTraining.sum": {
            "value": 1.0,
            "min": 1.0,
            "max": 1.0,
            "count": 250
        },
        "DungeonMaster.Losses.PolicyLoss.mean": {
            "value": 0.0202787591299663,
            "min": 0.014467024189555863,
            "max": 0.03359251327152985,
            "count": 119
        },
        "DungeonMaster.Losses.PolicyLoss.sum": {
            "value": 0.0202787591299663,
            "min": 0.014467024189555863,
            "max": 0.03359251327152985,
            "count": 119
        },
        "DungeonMaster.Losses.ValueLoss.mean": {
            "value": 0.14547645996014277,
            "min": 0.11395861382285753,
            "max": 0.818527705470721,
            "count": 119
        },
        "DungeonMaster.Losses.ValueLoss.sum": {
            "value": 0.14547645996014277,
            "min": 0.11395861382285753,
            "max": 0.818527705470721,
            "count": 119
        },
        "DungeonMaster.Policy.LearningRate.mean": {
            "value": 0.003000000000000001,
            "min": 0.003000000000000001,
            "max": 0.003000000000000001,
            "count": 119
        },
        "DungeonMaster.Policy.LearningRate.sum": {
            "value": 0.003000000000000001,
            "min": 0.003000000000000001,
            "max": 0.003000000000000001,
            "count": 119
        },
        "DungeonMaster.Policy.Epsilon.mean": {
            "value": 0.20000000000000007,
            "min": 0.20000000000000007,
            "max": 0.20000000000000007,
            "count": 119
        },
        "DungeonMaster.Policy.Epsilon.sum": {
            "value": 0.20000000000000007,
            "min": 0.20000000000000007,
            "max": 0.20000000000000007,
            "count": 119
        },
        "DungeonMaster.Policy.Beta.mean": {
            "value": 0.05000000000000002,
            "min": 0.05000000000000002,
            "max": 0.05000000000000002,
            "count": 119
        },
        "DungeonMaster.Policy.Beta.sum": {
            "value": 0.05000000000000002,
            "min": 0.05000000000000002,
            "max": 0.05000000000000002,
            "count": 119
        }
    },
    "metadata": {
        "timer_format_version": "0.1.0",
        "start_time_seconds": "1664184585",
        "python_version": "3.7.9 (tags/v3.7.9:13c94747c7, Aug 17 2020, 16:30:00) [MSC v.1900 64 bit (AMD64)]",
        "command_line_arguments": "D:\\Unity ML\\VirtualEnvironments\\UnityML\\Scripts\\mlagents-learn .\\config\\ppo\\DungeonMaster.yaml --run-id=moreActionsPerTurn_03 --force --no-graphics",
        "mlagents_version": "0.29.0",
        "mlagents_envs_version": "0.29.0",
        "communication_protocol_version": "1.5.0",
        "pytorch_version": "1.11.0+cpu",
        "numpy_version": "1.21.6",
        "end_time_seconds": "1664193431"
    },
    "total": 8846.4357781,
    "count": 1,
    "self": 0.05796059999920544,
    "children": {
        "run_training.setup": {
            "total": 0.16571800000000003,
            "count": 1,
            "self": 0.16571800000000003
        },
        "TrainerController.start_learning": {
            "total": 8846.2120995,
            "count": 1,
            "self": 5.38775389994953,
            "children": {
                "TrainerController._reset_env": {
                    "total": 4.401007799999912,
                    "count": 13,
                    "self": 4.401007799999912
                },
                "TrainerController.advance": {
                    "total": 8835.926819400052,
                    "count": 250104,
                    "self": 5.907897800227147,
                    "children": {
                        "env_step": {
                            "total": 6958.50845569993,
                            "count": 250104,
                            "self": 5682.727287999574,
                            "children": {
                                "SubprocessEnvManager._take_step": {
                                    "total": 1272.2248849003595,
                                    "count": 250104,
                                    "self": 31.616317700462332,
                                    "children": {
                                        "TorchPolicy.evaluate": {
                                            "total": 1240.6085671998972,
                                            "count": 500208,
                                            "self": 130.48366429970497,
                                            "children": {
                                                "TorchPolicy.sample_actions": {
                                                    "total": 1110.1249029001922,
                                                    "count": 500208,
                                                    "self": 1110.1249029001922
                                                }
                                            }
                                        }
                                    }
                                },
                                "workers": {
                                    "total": 3.5562827999962954,
                                    "count": 250103,
                                    "self": 0.0,