{"count":1,"self":881.70711039999992,"total":8125.8154344999994,"children":{"InitializeActuators":{"count":20,"self":0.0019917,"total":0.0019917,"children":null},"InitializeSensors":{"count":20,"self":0.00099969999999999985,"total":0.00099969999999999985,"children":null},"AgentSendState":{"count":1001951,"self":24.94584,"total":1976.7036595999998,"children":{"CollectObservations":{"count":4007940,"self":1784.2518016,"total":1784.2517248,"children":null},"WriteActionMask":{"count":4007940,"self":4.5396752,"total":4.539675,"children":null},"RequestDecision":{"count":4007940,"self":14.0769168,"total":162.9664202,"children":{"AgentInfo.ToProto":{"count":4007940,"self":13.7694256,"total":148.88950409999998,"children":{"GenerateSensorData":{"count":4007940,"self":135.1200768,"total":135.1200778,"children":null}}}}}}},"DecideAction":{"count":1001951,"self":4603.9003136,"total":4603.9004448,"children":null},"AgentAct":{"count":1001951,"self":661.549568,"total":663.4992439,"children":{"AgentInfo.ToProto":{"count":40008,"self":0.24740099999999998,"total":1.9496736,"children":{"GenerateSensorData":{"count":40008,"self":1.7022726,"total":1.7022726,"children":null}}}}}},"gauges":{"DungeonMaster.CumulativeReward":{"count":40008,"max":12,"min":-4,"runningAverage":0.0477655,"value":0,"weightedAverage":7.27336471E-31}},"metadata":{"timer_format_version":"0.1.0","start_time_seconds":"1664360688","unity_version":"2020.3.25f1","command_line_arguments":"D:\\Unity Editor\\Editors\\2020.3.25f1\\Editor\\Unity.exe -projectpath D:\\Kandi\\TurnbasedRPG -useHub -hubIPC -cloudEnvironment production -licensingIpc LicenseClient-m1kk0 -hubSessionId 13af6760-3ef7-11ed-8ff8-d13eecc7e121","communication_protocol_version":"1.5.0","com.unity.ml-agents_version":"2.2.1-exp.1","scene_name":"MainScene","end_time_seconds":"1664368813"}}