{"count":1,"self":457.4163456,"total":4746.6328816999994,"children":{"InitializeActuators":{"count":20,"self":0.00099739999999999985,"total":0.00099739999999999985,"children":null},"InitializeSensors":{"count":20,"self":0.0019944999999999997,"total":0.0019944999999999997,"children":null},"AgentSendState":{"count":627534,"self":14.8975136,"total":969.6296069,"children":{"CollectObservations":{"count":2510280,"self":851.0585856,"total":851.05859479999992,"children":null},"WriteActionMask":{"count":2510280,"self":2.7933204,"total":2.7933203,"children":null},"RequestDecision":{"count":2510280,"self":9.1141128,"total":100.88017789999999,"children":{"AgentInfo.ToProto":{"count":2510280,"self":8.1607168,"total":91.7660648,"children":{"GenerateSensorData":{"count":2510280,"self":83.605350399999992,"total":83.6053476,"children":null}}}}}}},"DecideAction":{"count":627534,"self":3165.5145472,"total":3165.5144456,"children":null},"AgentAct":{"count":627534,"self":152.9474176,"total":154.068483,"children":{"AgentInfo.ToProto":{"count":25011,"self":0.1689617,"total":1.1210603,"children":{"GenerateSensorData":{"count":25011,"self":0.95209859999999991,"total":0.95209859999999991,"children":null}}}}}},"gauges":{"DungeonMaster.CumulativeReward":{"count":25011,"max":45.7,"min":0,"runningAverage":3.30002761,"value":4.29999971,"weightedAverage":3.25742626}},"metadata":{"timer_format_version":"0.1.0","start_time_seconds":"1665050401","unity_version":"2020.3.25f1","command_line_arguments":"D:\\Unity Editor\\Editors\\2020.3.25f1\\Editor\\Unity.exe -projectpath D:\\Kandi\\TurnbasedRPG -useHub -hubIPC -cloudEnvironment production -licensingIpc LicenseClient-XxE9YnnBb4t2r11Vw1wBQ -hubSessionId 20ccce70-4540-11ed-8f0a-8118a54a5c00","communication_protocol_version":"1.5.0","com.unity.ml-agents_version":"2.2.1-exp.1","scene_name":"MainScene","end_time_seconds":"1665055148"}}