{"count":1,"self":496.304896,"total":722.1197592,"children":{"InitializeActuators":{"count":2,"self":0.00099739999999999985,"total":0.00099739999999999985,"children":null},"InitializeSensors":{"count":2,"self":0.00099669999999999989,"total":0.00099669999999999989,"children":null},"AgentSendState":{"count":1022017,"self":1.9031782,"total":16.9212042,"children":{"CollectObservations":{"count":34583,"self":13.770584,"total":13.7705834,"children":null},"WriteActionMask":{"count":34583,"self":0.040997399999999996,"total":0.040997399999999996,"children":null},"RequestDecision":{"count":34583,"self":0.18287109999999998,"total":1.2064451999999999,"children":{"AgentInfo.ToProto":{"count":34583,"self":0.12162419999999999,"total":1.0235741,"children":{"GenerateSensorData":{"count":34583,"self":0.9019499,"total":0.9019499,"children":null}}}}}}},"DecideAction":{"count":1022017,"self":166.37376,"total":166.37376089999998,"children":null},"AgentAct":{"count":1022017,"self":41.7754048,"total":42.5169226,"children":{"AgentInfo.ToProto":{"count":19407,"self":0.10284249999999999,"total":0.7415182,"children":{"GenerateSensorData":{"count":19407,"self":0.6386757,"total":0.6386757,"children":null}}}}}},"gauges":{"DungeonMaster.CumulativeReward":{"count":19407,"max":0.2,"min":-1.4000001,"runningAverage":-0.08136232,"value":0,"weightedAverage":-0.296902537}},"metadata":{"timer_format_version":"0.1.0","start_time_seconds":"1663662653","unity_version":"2020.3.25f1","command_line_arguments":"D:\\Unity Editor\\Editors\\2020.3.25f1\\Editor\\Unity.exe -projectpath D:\\Kandi\\TurnbasedRPG -useHub -hubIPC -cloudEnvironment production -licensingIpc LicenseClient-Fv5Y0WZUxYwOHfXnfMBYi -hubSessionId 5f0e3af0-38a9-11ed-852f-17e14bfd28b7","communication_protocol_version":"1.5.0","com.unity.ml-agents_version":"2.2.1-exp.1","scene_name":"MainScene","end_time_seconds":"1663663375"}}