{"count":1,"self":3208.2190336,"total":8661.681021,"children":{"InitializeActuators":{"count":20,"self":0.0009934,"total":0.0009934,"children":null},"InitializeSensors":{"count":20,"self":0.0009976,"total":0.0009976,"children":null},"AgentSendState":{"count":3336534,"self":11.5118992,"total":504.89334699999995,"children":{"CollectObservations":{"count":1230252,"self":456.7898624,"total":456.78984399999996,"children":null},"WriteActionMask":{"count":1230252,"self":1.1412695,"total":1.1412695,"children":null},"RequestDecision":{"count":1230252,"self":4.4178239999999995,"total":35.4503345,"children":{"AgentInfo.ToProto":{"count":1230252,"self":3.7754016,"total":31.0325104,"children":{"GenerateSensorData":{"count":1230252,"self":27.2571072,"total":27.2571087,"children":null}}}}}}},"DecideAction":{"count":3336534,"self":3779.4865151999998,"total":3779.4865403,"children":null},"AgentAct":{"count":3336534,"self":1148.6930943999998,"total":1169.0780201,"children":{"AgentInfo.ToProto":{"count":637240,"self":3.3055307999999997,"total":20.3849482,"children":{"GenerateSensorData":{"count":637240,"self":17.0794176,"total":17.0794174,"children":null}}}}}},"gauges":{"DungeonMaster.CumulativeReward":{"count":637240,"max":0.54,"min":-2.06,"runningAverage":-0.0119474214,"value":0.09,"weightedAverage":-0.01156321}},"metadata":{"timer_format_version":"0.1.0","start_time_seconds":"1663678068","unity_version":"2020.3.25f1","command_line_arguments":"D:\\Unity Editor\\Editors\\2020.3.25f1\\Editor\\Unity.exe -projectpath D:\\Kandi\\TurnbasedRPG -useHub -hubIPC -cloudEnvironment production -licensingIpc LicenseClient-Fv5Y0WZUxYwOHfXnfMBYi -hubSessionId 5f0e3af0-38a9-11ed-852f-17e14bfd28b7","communication_protocol_version":"1.5.0","com.unity.ml-agents_version":"2.2.1-exp.1","scene_name":"MainScene","end_time_seconds":"1663686729"}}