{"count":1,"self":7405.3025792,"total":10381.7618893,"children":{"InitializeActuators":{"count":20,"self":0.0019966,"total":0.0019966,"children":null},"InitializeSensors":{"count":20,"self":0.00099779999999999986,"total":0.00099779999999999986,"children":null},"AgentSendState":{"count":11688084,"self":25.9887056,"total":235.76566129999998,"children":{"CollectObservations":{"count":544201,"self":190.2882304,"total":190.2882248,"children":null},"WriteActionMask":{"count":544201,"self":0.6284039,"total":0.6284039,"children":null},"RequestDecision":{"count":544201,"self":2.5737984,"total":18.8603263,"children":{"AgentInfo.ToProto":{"count":544201,"self":2.0301424,"total":16.286528,"children":{"GenerateSensorData":{"count":544201,"self":14.2563856,"total":14.256385499999999,"children":null}}}}}}},"DecideAction":{"count":11688084,"self":2317.6235008,"total":2317.6234602,"children":null},"AgentAct":{"count":11688084,"self":414.8044288,"total":423.0659361,"children":{"AgentInfo.ToProto":{"count":226559,"self":1.3338746,"total":8.2615193,"children":{"GenerateSensorData":{"count":226559,"self":6.9276447999999995,"total":6.9276447,"children":null}}}}}},"gauges":{"DungeonMaster.CumulativeReward":{"count":226559,"max":1.7,"min":-1.24999988,"runningAverage":0.09021283,"value":0.25,"weightedAverage":0.1164809}},"metadata":{"timer_format_version":"0.1.0","start_time_seconds":"1663833935","unity_version":"2020.3.25f1","command_line_arguments":"D:\\Unity Editor\\Editors\\2020.3.25f1\\Editor\\Unity.exe -projectpath D:\\Kandi\\TurnbasedRPG -useHub -hubIPC -cloudEnvironment production -licensingIpc LicenseClient-m1kk0 -hubSessionId 813f5900-3a3a-11ed-8c10-eb5166d62086","communication_protocol_version":"1.5.0","com.unity.ml-agents_version":"2.2.1-exp.1","scene_name":"MainScene","end_time_seconds":"1663844317"}}