{
    "name": "root",
    "gauges": {
        "DungeonMaster.Policy.Entropy.mean": {
            "value": 8.655145645141602,
            "min": 8.625860214233398,
            "max": 8.74825668334961,
            "count": 50
        },
        "DungeonMaster.Policy.Entropy.sum": {
            "value": 176391.875,
            "min": 166488.21875,
            "max": 178813.5625,
            "count": 50
        },
        "DungeonMaster.Environment.EpisodeLength.mean": {
            "value": 7.341013824884793,
            "min": 7.338777219430486,
            "max": 16.68346595932803,
            "count": 50
        },
        "DungeonMaster.Environment.EpisodeLength.sum": {
            "value": 17523.0,
            "min": 17329.0,
            "max": 18869.0,
            "count": 50
        },
        "DungeonMaster.Step.mean": {
            "value": 499940.0,
            "min": 9900.0,
            "max": 499940.0,
            "count": 50
        },
        "DungeonMaster.Step.sum": {
            "value": 499940.0,
            "min": 9900.0,
            "max": 499940.0,
            "count": 50
        },
        "DungeonMaster.Policy.ExtrinsicValueEstimate.mean": {
            "value": 0.4708058536052704,
            "min": -0.06689020991325378,
            "max": 1.978034496307373,
            "count": 50
        },
        "DungeonMaster.Policy.ExtrinsicValueEstimate.sum": {
            "value": 561.67138671875,
            "min": -72.91033172607422,
            "max": 2225.288818359375,
            "count": 50
        },
        "DungeonMaster.Environment.CumulativeReward.mean": {
            "value": 0.3526320287228655,
            "min": 0.2903436806508826,
            "max": 0.7161416135761326,
            "count": 50
        },
        "DungeonMaster.Environment.CumulativeReward.sum": {
            "value": 420.6900102663785,
            "min": 328.0300093013793,
            "max": 549.2900090925395,
            "count": 50
        },
        "DungeonMaster.Policy.ExtrinsicReward.mean": {
            "value": 0.3526320287228655,
            "min": 0.2903436806508826,
            "max": 0.7161416135761326,
            "count": 50
        },
        "DungeonMaster.Policy.ExtrinsicReward.sum": {
            "value": 420.6900102663785,
            "min": 328.0300093013793,
            "max": 549.2900090925395,
            "count": 50
        },
        "DungeonMaster.Self-play.ELO.mean": {
            "value": 1681.9710392177428,
            "min": 1201.094939734284,
            "max": 1724.6327896265507,
            "count": 50
        },
        "DungeonMaster.Self-play.ELO.sum": {
            "value": 1860259.9693748236,
            "min": 565715.7166148478,
            "max": 1860259.9693748236,
            "count": 50
        },
        "DungeonMaster.IsTraining.mean": {
            "value": 1.0,
            "min": 1.0,
            "max": 1.0,
            "count": 50
        },
        "DungeonMaster.IsTraining.sum": {
            "value": 1.0,
            "min": 1.0,
            "max": 1.0,
            "count": 50
        },
        "DungeonMaster.Losses.PolicyLoss.mean": {
            "value": 0.016021615685895087,
            "min": 0.012828317612002139,
            "max": 0.025675493645636985,
            "count": 23
        },
        "DungeonMaster.Losses.PolicyLoss.sum": {
            "value": 0.016021615685895087,
            "min": 0.012828317612002139,
            "max": 0.025675493645636985,
            "count": 23
        },
        "DungeonMaster.Losses.ValueLoss.mean": {
            "value": 0.22187465876340867,
            "min": 0.18455710262060165,
            "max": 0.5041023376087348,
            "count": 23
        },
        "DungeonMaster.Losses.ValueLoss.sum": {
            "value": 0.22187465876340867,
            "min": 0.18455710262060165,
            "max": 0.5041023376087348,
            "count": 23
        },
        "DungeonMaster.Policy.LearningRate.mean": {
            "value": 0.003000000000000001,
            "min": 0.003000000000000001,
            "max": 0.003000000000000001,
            "count": 23
        },
        "DungeonMaster.Policy.LearningRate.sum": {
            "value": 0.003000000000000001,
            "min": 0.003000000000000001,
            "max": 0.003000000000000001,
            "count": 23
        },
        "DungeonMaster.Policy.Epsilon.mean": {
            "value": 0.20000000000000007,
            "min": 0.20000000000000007,
            "max": 0.20000000000000007,
            "count": 23
        },
        "DungeonMaster.Policy.Epsilon.sum": {
            "value": 0.20000000000000007,
            "min": 0.20000000000000007,
            "max": 0.20000000000000007,
            "count": 23
        },
        "DungeonMaster.Policy.Beta.mean": {
            "value": 0.05000000000000002,
            "min": 0.05000000000000002,
            "max": 0.05000000000000002,
            "count": 23
        },
        "DungeonMaster.Policy.Beta.sum": {
            "value": 0.05000000000000002,
            "min": 0.05000000000000002,
            "max": 0.05000000000000002,
            "count": 23
        }
    },
    "metadata": {
        "timer_format_version": "0.1.0",
        "start_time_seconds": "1664177685",
        "python_version": "3.7.9 (tags/v3.7.9:13c94747c7, Aug 17 2020, 16:30:00) [MSC v.1900 64 bit (AMD64)]",
        "command_line_arguments": "D:\\Unity ML\\VirtualEnvironments\\UnityML\\Scripts\\mlagents-learn .\\config\\ppo\\DungeonMaster.yaml --run-id=moreActionsPerTurn_02 --force --no-graphics",
        "mlagents_version": "0.29.0",
        "mlagents_envs_version": "0.29.0",
        "communication_protocol_version": "1.5.0",
        "pytorch_version": "1.11.0+cpu",
        "numpy_version": "1.21.6",
        "end_time_seconds": "1664179703"
    },
    "total": 2018.2854382,
    "count": 1,
    "self": 0.007943999999952212,
    "children": {
        "run_training.setup": {
            "total": 0.16107310000000008,
            "count": 1,
            "self": 0.16107310000000008
        },
        "TrainerController.start_learning": {
            "total": 2018.1164211,
            "count": 1,
            "self": 2.3040881000097215,
            "children": {
                "TrainerController._reset_env": {
                    "total": 3.801725300000021,
                    "count": 3,
                    "self": 3.801725300000021
                },
                "TrainerController.advance": {
                    "total": 2011.4786647999902,
                    "count": 100039,
                    "self": 2.290910600005418,
                    "children": {
                        "env_step": {
                            "total": 1569.236066400008,
                            "count": 100039,
                            "self": 1318.5273363999754,
                            "children": {
                                "SubprocessEnvManager._take_step": {
                                    "total": 249.41690780001994,
                                    "count": 100039,
                                    "self": 6.587608500023407,
                                    "children": {
                                        "TorchPolicy.evaluate": {
                                            "total": 242.82929929999653,
                                            "count": 100590,
                                            "self": 25.711569199978243,
                                            "children": {
                                                "TorchPolicy.sample_actions": {
                                                    "total": 217.1177301000183,
                                                    "count": 100590,