{"cameraMode":{"drawMode":0,"name":"Shaded","section":"Shading Mode"},"sceneLighting":false,"audioPlay":false,"sceneViewState":{"m_AlwaysRefresh":false,"showFog":true,"showSkybox":false,"showFlares":true,"showImageEffects":true,"showParticleSystems":true,"showVisualEffectGraphs":true,"m_FxEnabled":true},"in2DMode":false,"pivot":{"x":0.044555068016052249,"y":-0.34609413146972659,"z":0.08651572465896607},"rotation":{"x":-0.3890535533428192,"y":0.0695379450917244,"z":-0.029472345486283304,"w":-0.9181252121925354},"size":1.907106637954712,"orthographic":false}